# reload+after+2024-01-09 23:59:32.031491
3IN§3i Infrastructure§Financial Services
FOUR§4imprint§Media
ASL§Aberforth Smaller Companies Trust§Financial Services
ABDN§Abrdn§Financial Services
APEO§abrdn Private Equity Opportunities Trust§Investment Trusts
ATST§Alliance Trust§Investment Trusts
ATT§Allianz Technology Trust§Investment Trusts
AO§AO World§Retail
APAX§Apax Global Alpha§Financial Services
ASCL§Ascential§Media
ASHM§Ashmore Group§Financial Services
DGN§Asia Dragon Trust§Investment Trusts
AGR§Assura§Real Estate Investment Trusts
AML§Aston Martin Lagonda§Automobiles & Parts
ATG§Auction Technology Group§Software & Computer Services
AGT§AVI Global Trust§Investment Trusts
BAB§Babcock International§Support Services
BGFD§Baillie Gifford Japan Trust§Investment Trusts
BAKK§Bakkavör§Food & Tobacco
BCPT§Balanced Commercial Property Trust§Investment Trusts
BBY§Balfour Beatty§Construction & Materials
BCG§Baltic Classifieds§Consumer Digital Services
BNKR§Bankers Investment Trust§Investment Trusts
BGEO§Bank of Georgia§Banking Services
BAG§A.G. Barr§Beverages
BBGI.L§BBGI§Financial Services
AJB§AJ Bell§Financial Services
BBH.L§Bellevue Healthcare Trust§Investment Trusts
BWY§Bellway§Home Construction
BHMG§BH Macro§Hedge Funds
BYG§Big Yellow Group§Real Estate Investment Trusts
BRGE§BlackRock Greater Europe Investment Trust§Investment Trusts
BRSC§BlackRock Smaller Companies Trust§Equity Investments
THRG§BlackRock Throgmorton Trust§Equity Investments
BRWM§BlackRock World Mining Trust§Investment Trusts
BSIF§Bluefield Solar Income Fund§Investment Trusts
BOY§Bodycote§Industrial Engineering
BREE§Breedon Group§Construction & Materials
BPT§Bridgepoint Group§Financial Services
BLND§British Land§Real estate
BVIC§Britvic§Beverages
BYIT§Bytes Technology Group§Aerospace & Defence
CCR§C&C Group§Food & Tobacco
CLDN§Caledonia Investments§Investment Trusts
CGT§Capital Gearing Trust§Investment Trusts
CCL§Carnival Corporation & plc§Travel & Leisure
CEY§Centamin§Mining
CHG§Chemring Group§Aerospace & Defence
CTY§City of London Investment Trust§Investment Trusts
CKN§Clarkson§Industrial Transportation
CBG§Close Brothers Group§Banks
COA§Coats Group§Consumer Staples
CCC§Computacenter§Software & Computer Services
CWK§Cranswick§Food Producers
CRST§Crest Nicholson§Home Construction
CURY§Currys§Retailers
DARK§Darktrace§Software & Computer Services
DLN§Derwent London§Real Estate Investment Trusts
DLG§Direct Line§Nonlife Insurance
DSCV§discoverIE§Support Services
DEC§Diversified Energy§Oil & Gas Producers
DOM§Domino's Pizza§Travel & Leisure
DWL§Dowlais Group§Automobiles & Parts
DRX§Drax Group§Electricity
DOCS§Dr. Martens§Retailers
DNLM§Dunelm Group§Retailers
EZJ§EasyJet§Travel & Leisure
EDIN§Edinburgh Investment Trust§Investment Trusts
EWI§Edinburgh Worldwide Investment Trust§Investment Trusts
ELM§Elementis§Chemicals
ESP§Empiric Student Property§Real estate
ENOG§Energean§Oil & Gas Producers
ESNT§Essentra§Support Services
EOT§European Opportunities Trust§Investment Trusts
ESCT§European Smaller Companies Trust§Investment Trusts
FDM§FDM Group§Support Services
FXPO§Ferrexpo§Industrial Metals
FCSS§Fidelity China Special Situations§Investment Trusts
FEML§Fidelity Emerging Markets§Investment Trusts
FEV§Fidelity European Trust§Investment Trusts
FSV.L§Fidelity Special Values§Investment Trusts
FGT§Finsbury Growth & Income Trust§Equity Investments
FGP§FirstGroup§Travel & Leisure
FSG§Foresight Group§Investment Banking and Brokerage Services
FSFL§Foresight Solar Fund§Collective Investments
FUTR§Future§Media
GAW§Games Workshop Group§Leisure Goods
GCP§GCP Infrastructure Investments§General Financial
GEN.L§Genuit Group§Construction & Materials
GNS§Genus§Pharmaceuticals & Biotechnology
GSCT§Global Smaller Companies Trust§Investment Trusts
GFTU§Grafton Group§Support Services
GRI.L§Grainger§Real Estate Investment & Services
GPE§Great Portland Estates§Real Estate Investment Trusts
UKW§Greencoat UK Wind§Gas, Water & Multiutilities
GRG§Greggs§Food & Drug Retailers
HMSO§Hammerson§Real Estate Investment Trusts
HBR§Harbour Energy§Oil & Gas Producers
HVPE§HarbourVest Global Private Equity§Equity Investments
HL§Hargreaves Lansdown§Financial Services
HAS.L§Hays§Support Services
HTWS§Helios Towers§Telecomms
HSL§Henderson Smaller Companies Investment Trust§Investment Trusts
HRI§Herald Investment Trust§Investment Trusts
HGT§Hg Capital Trust§Investment Trusts
HICL§HICL Infrastructure Company§Investment Trusts
HILS§Hill & Smith§Industrial Engineering
HFG§Hilton Food Group§Food Producers
SONG§Hipgnosis Songs Fund§Media
HSX§Hiscox§Non-life Insurance
HOC§Hochschild Mining§Basic Resources
HTG§Hunting§Oil, Gas and Coal
IBST§Ibstock§Construction & Materials
ICGT§ICG Enterprise Trust§Investment Trusts
IGG§IG Group Holdings§Financial Services
IEM§Impax Environmental Markets§Investment Trusts
INCH§Inchcape§Retailers
INDV.L§Indivior§Pharmaceuticals & Biotechnology
IHP§IntegraFin Holdings§Financial Services
IDS§International Distributions Services§Delivery Services
INPP§International Public Partnerships§Financial Services
INVP§Investec§Financial Services
IPO§IP Group§Financial Services
ITH§Ithaca Energy§Oil & Gas Producers
ITV§ITV§Media
IWG§IWG§Support Services
JLEN§JLEN Environmental Assets Group§Investment Trusts
JMAT§Johnson Matthey§Chemicals
JAM§JPMorgan American Investment Trust§Investment Trusts
JMG§JPMorgan Emerging Markets Investment Trust§Investment Trusts
JEDT§JPMorgan European Discovery§Investment Trusts
JGGI§JPMorgan Global Growth & Income§Investment Trusts
JII§JPMorgan Indian Investment Trust§Investment Trusts
JFJ§JPMorgan Japanese Investment Trust§Investment Trusts
JTC§JTC§Financial Services
JUP§Jupiter Fund Management§Financial Services
JUST§Just Group§Life Insurance
KNOS§Kainos§Software & Computer Services
KLR§Keller Group§Construction & Materials
LRE.L§Lancashire Holdings§Nonlife Insurance
LWDB§Law Debenture§Investment Trusts
LMP§LondonMetric Property§Real Estate Investment Trusts
LXI§LXi REIT§Real Estate Investment Trusts
EMG§Man Group§Investment Trusts
MSLH§Marshalls§Construction & Materials
MEGP§ME Group International§Leisure Goods
MRC§Mercantile Investment Trust§Collective Investments
MRCH§Merchants Trust§Investment Trusts
MAB§Mitchells & Butlers§Travel & Leisure
MTO§Mitie§Support Services
MCG§Mobico Group§Travel & Leisure
MONY§Moneysupermarket.com Group§Media
MNKS§Monks Investment Trust§Investment Trusts
MOON§Moonpig§Retailers
MGAM.L§Morgan Advanced Materials§Electronic & Electrical Equipment
MGNS§Morgan Sindall Group§Construction & Materials
MUT§Murray Income Trust§Investment Trusts
MYI§Murray International Trust§Investment Trusts
NBPE§NB Private Equity Partners§Collective Investments
NETW§Network International§Support Services
NESF§NextEnergy Solar Fund§Collective Investments
N91§Ninety One§Financial Services
NAS§North Atlantic Smaller Companies Investment Trust§Investment Trusts
ORIT§Octopus Renewables Infrastructure Trust§Investment Trusts
OSB§OneSavings Bank§Banks
OXIG§Oxford Instruments§Electronic & Electrical Equipment
PHI§Pacific Horizon Investment Trust§Investment Trusts
PAGE§PageGroup§Support Services
PIN§Pantheon International§Equity Investments
PAG§Paragon Banking Group§Financial Services
PNN§Pennon Group§Gas, Water & Multiutilities
PSN§Persimmon§Household Goods and Home Construction
PNL§Personal Assets Trust§Investment Trusts
PHLL§Petershill Partners§Investment Trusts
PETS.L§Pets at Home§Retailers
PTEC.L§Playtech§Software & Computer Services
PLUS.L§Plus500§Financial Services
PCT.L§Polar Capital Technology Trust§Investment Trusts
PPH.L§PPHE Hotel Group§Travel and Leisure
PFD§Premier Foods§Food & Drug Retailers
PHP§Primary Health Properties§Real Estate Investment Trusts
PRTC.L§PureTech Health§Health Care Equipment & Services
PZC§PZ Cussons§Personal Goods
QQ§QinetiQ§Aerospace & Defence
QLT§Quilter§Financial Services
RAT§Rathbones§Financial Services
REDD§Redde Northgate§Support Services
RDW§Redrow§Home Construction
RSW§Renishaw§Electronic & Electrical Equipment
RHIM§RHI Magnesita§Support Services
RCP§RIT Capital Partners§Investment Trusts
ROR§Rotork§Industrial Engineering
RICA§Ruffer Investment Company§Investment Trusts
SAFE§Safestore§Real Estate Investment Trusts
SVS§Savills§Real Estate Investment & Services
SDP§Schroder AsiaPacific Fund§Investment Trusts
SOI§Schroder Oriental Income Fund§Financial Services
SAIN§Scottish American Investment Company§Investment Trusts
SEIT§SDCL Energy Efficiency Income Trust§Energy
SNR§Senior§Aerospace & Defence
SEQI§Sequoia Economic Infrastructure Income Fund§Financial Services
SRP§Serco§Support Services
SHC.L§Shaftesbury Capital§Real Estate Investment Trusts[6]
SRE§Sirius Real Estate§Real Estate
SSON§Smithson Investment Trust§Investment Trusts
SCT§Softcat§Software & Computer Services
SXS§Spectris§Electronic & Electrical Equipment
SPI.L§Spire Healthcare§Health Care Equipment & Services
SPT.L§Spirent§Telecomms
SSPG§SSP Group§Retailers
STEM§SThree§Support Services
SUPR§Supermarket Income REIT§Real Estate Investment Trusts
SYNC§Syncona§Pharmaceuticals & Biotechnology
THRL§Target Healthcare REIT§Real Estate Investment Trusts
TATE§Tate & Lyle§Food Producers
TBCG§TBC Bank§Banks
TEP§Telecom Plus§Telecomms
TMPL§Temple Bar Investment Trust§Collective Investments
TEM§Templeton Emerging Markets Investment Trust§Investment Trusts
TRIG§The Renewables Infrastructure Group§Investment Trusts
TIFS§TI Fluid Systems§Automobiles & Parts
TCAP§TP ICAP§Support Services
TRN§Trainline§Industrial Transportation
TPK§Travis Perkins§Support Services
BBOX§Tritax Big Box REIT§Real Estate Investment Trusts
EBOX§Tritax EuroBox§Investment Trusts
TRY§TR Property Investment Trust§Investment Trusts
TRST.L§Trustpilot§Technology
TUI§TUI AG§Travel & Leisure
TLW§Tullow Oil§Energy
TFIF§Twentyfour Income Fund§Investment Trusts
TYMN§Tyman§Building Materials
UKCM§UK Commercial Property REIT§Real Estate Investment & Services
SHED§Urban Logistics REIT§Real Estate Investment Trusts
VSVS§Vesuvius§General Industrials
VCT§Victrex§Chemicals
VEIL§Vietnam Enterprise Investments§General Financial
VOF§VinaCapital Vietnam Opportunity Fund§General Financial
VMUK§Virgin Money UK§Banks
VTY§Vistry Group§Home Construction
FAN§Volution Group§Construction & Materials
WPS§W. A. G. Payment Solutions§Financial Services
WOSG§Watches of Switzerland§Personal Goods
JDW§Wetherspoon (J D)§Travel & Leisure
SMWH§W H Smith§Retailers
WTAN§Witan Investment Trust§Investment Trusts
WIZZ§Wizz Air§Travel & Leisure
WG§Wood Group§Oil & Gas Related Equipment and Services
WKP§Workspace Group§Real Estate Investment Trusts
WWH§Worldwide Healthcare Trust§Investment Trusts
